pdf,url,heuristica,pagina_con_descargables,csv_descargable
1505.04597v1.pdf,http://codesolorzano.com/celltrackingchallenge/Cell_Tracking_Challenge/Welcome.html,False,,
1505.04597v1.pdf,http://brainiac2.mit.edu/isbi_challenge,False,,
1505.04597v1.pdf,http://lmb.informatik.uni-freiburg.de/people/ronneber/u-net,False,,
1506.02640v5.pdf,https://github.com/BVLC/caffe/wiki/Models-accuracy-on-ImageNet-2012-val,False,,
1506.02640v5.pdf,http://pjreddie.com/darknet,False,,
1506.02640v5.pdf,http://pjreddie.com/yolo,False,,
1512.02595v1.pdf,https://arxiv.org/abs/1508.04395,False,,
1512.02595v1.pdf,https://nvlabs.github.io/moderngpu,False,,
1512.02595v1.pdf,https://arxiv.org/abs/1508.01211,False,,
1512.02595v1.pdf,https://arxiv.org/abs/1412.1602,False,,
1512.02595v1.pdf,http://svail.github.io/rnn_perf,False,,
1512.02595v1.pdf,https://arxiv.org/abs/1412.5567,False,,
1512.02595v1.pdf,https://arxiv.org/abs/1408.2873,False,,
1512.02595v1.pdf,https://arxiv.org/abs/1510.01378,False,,
1512.02595v1.pdf,https://arxiv.org/abs/1211.5063,False,,
1512.02595v1.pdf,https://arxiv.org/abs/1507.06947,False,,
1512.02595v1.pdf,https://arxiv.org/abs/1409.3215,False,,
1512.02595v1.pdf,https://arxiv.org/abs/1502.03167,False,,
1512.02595v1.pdf,https://arxiv.org/abs/1410.4615,False,,
1512.02595v1.pdf,http://voxforge.org,False,,
1512.02595v1.pdf,http://commoncrawl.org,False,,
1606.05250v3.pdf,https://stanford-qa.com,False,,
1606.05250v3.pdf,https://worksheets.codalab.org/worksheets/0xd53d03a48ef64b329c16b9baf0f99b0c,False,,
1702.05373v2.pdf,http://nist.gov/srd/upload/nistsd19.pdf,False,,
1702.05373v2.pdf,http://portal.acm.org/citation.cfm?doid=1141277.1141468,False,,
1702.05373v2.pdf,https://westernsydney.edu.au/bens/home/reproducible,False,,
1702.05747v2.pdf,https://doi.org/10.1109/TMI.2015.2476509,False,,
1702.05747v2.pdf,https://github.com/Lasagne/Lasagne,False,,
1702.05747v2.pdf,https://grand-challenge.org,False,,
1706.03762v7.pdf,https://github.com/tensorflow/tensor2tensor,False,,
1706.08612v2.pdf,http://robots.ox.ac.uk/,False,,
1707.02919v2.pdf,https://doi.org/10.3115/1119176.1119199,False,,
1707.02919v2.pdf,https://emc.com/collateral/analyst-reports/idc-the-digital-universe-in-2020.pdf,False,,
1707.02919v2.pdf,http://lemurproject.org/The,False,,
1707.02919v2.pdf,http://crisp-dm.org/http:/en.wikipedia.org/wiki/Statistics,False,,
1707.02919v2.pdf,http://cs.waikato.ac.nz/ml/weka/http:/www.w3.org/TR/webont-req/http:/www.obofoundry.org/http:/www.bioontology.org/http:/bioportal.bioontology.org/https:/uts.nlm.nih.gov/home.html,False,,
1707.02919v2.pdf,http://pharmgkb.org/,False,,
1707.02919v2.pdf,http://crisp-dm.org/,False,,
1707.02919v2.pdf,http://en.wikipedia.org/wiki/Statistics,False,,
1707.02919v2.pdf,http://obofoundry.org/,False,,
1707.02919v2.pdf,http://bioontology.org/,False,,
1707.02919v2.pdf,http://bioportal.bioontology.org/,False,,
1707.02919v2.pdf,https://uts.nlm.nih.gov/home.html,False,,
1708.05031v2.pdf,https://doi.org/10.1145/3038912.3052569,False,,
1708.05031v2.pdf,http://alex.smola.org/teaching/berkeley2012/slides/8_Recommender.pdf,False,,
1708.05031v2.pdf,http://grouplens.org/datasets/movielens/1m/https:/sites.google.com/site/xueatalphabeta/academic-projects,False,,
1708.05031v2.pdf,https://github.com/hexiangnan/neural_collaborative_filtering,False,,
1708.05031v2.pdf,https://sites.google.com/site/xueatalphabeta/academic-projects,False,,
1710.10903v3.pdf,https://tensorflow.org,False,,
1710.10903v3.pdf,https://arxiv.org/abs/1611.02344,False,,
1710.10903v3.pdf,http://papers.nips.cc/paper/6863-vain-attentional-multi-agent-predictive-modeling.pdf,False,,
1710.10903v3.pdf,https://arxiv.org/abs/1410.3916,False,,
1710.10903v3.pdf,https://doi.org/10.1109/72.572108,False,,
1710.10903v3.pdf,https://github.com/PetarV-/GAT,False,,
1810.04805v2.pdf,https://doi.org/10.18653/v1/S17-2001,False,,
1810.04805v2.pdf,https://github.com/google-research/bert,False,,
1810.04805v2.pdf,https://gluebenchmark.com/leaderboardWikipedia,False,,
1810.04805v2.pdf,https://cloudplatform.googleblog.com/2018/06/Cloud-TPU-now-offers-preemptible-pricing-and-globalavailability.html,False,,
1810.04805v2.pdf,http://nlp.seas.harvard.edu/2018/04/03/attention.html,False,,
1810.04805v2.pdf,https://gluebenchmark.com/faq.QANet,False,,
1812.08434v6.pdf,https://doi.org/10.24963/ijcai.2017/250,False,,
1812.08434v6.pdf,http://socialcomputing.asu.edu,False,,
1812.08434v6.pdf,https://doi.org/10.1016/j.aiopen.2021.01.001,False,,
1812.08434v6.pdf,https://github.com/ShinKyuY/Representation_Learning_on_Graphs_with_Jumping_Knowledge_Networks,False,,
1812.08434v6.pdf,https://github.com/Hanjun-Dai/steady_state_embedding,False,,
1812.08434v6.pdf,https://github.com/divelab/lgcn/FastGCN,False,,
1812.08434v6.pdf,https://github.com/matenure/FastGCN,False,,
1812.08434v6.pdf,https://github.com/RexYing/diffpool,False,,
1812.08434v6.pdf,https://github.com/snap-stanford/GraphRNN,False,,
1812.08434v6.pdf,https://github.com/nicola-decao/MolGAN,False,,
1812.08434v6.pdf,https://github.com/danielzuegner/netgan,False,,
1812.08434v6.pdf,https://github.com/liyaguang/DCRNN,True,,
1812.08434v6.pdf,https://github.com/yysijie/st-gcn,False,,
1812.08434v6.pdf,https://github.com/tkipf/relational-gcn,False,,
1812.08434v6.pdf,https://github.com/huangwb/AS-GCN,False,,
1812.08434v6.pdf,https://github.com/ZhuangCY/DGCN,False,,
1812.08434v6.pdf,https://github.com/jennyzhang0215/GaAN,False,,
1812.08434v6.pdf,https://github.com/PetarV-/DGI,False,,
1812.08434v6.pdf,https://github.com/nnzhan/Graph-WaveNet,False,,
1812.08434v6.pdf,https://github.com/Jhy1993/HAN,False,,
1812.08434v6.pdf,https://github.com/thunlp/gnnpapers,False,,
1907.07374v5.pdf,http://heatmapping.org/slides/2018WCCI.pdf,False,,
1907.07374v5.pdf,http://iphome.hhi.de/samek/pdf/MonICML16.pdf,False,,
1907.07374v5.pdf,https://pair-code.github.io/saliency,False,,
1907.07374v5.pdf,https://cs.stanford.edu/people/karpathy/cnnembed,False,,
1907.07374v5.pdf,https://distill.pub/2019/activation-atlas,False,,
1907.07374v5.pdf,https://distill.pub/2018/building-blocks/with,False,,
1908.04515v1.pdf,https://doi.org/10.1364/optica.XX.XXXXXX,False,,
2004.03597v2.pdf,http://crowd-counting.com,False,,
2101.00027v1.pdf,http://skylion007.github.io/OpenWebTextCorpus,False,,
2101.00027v1.pdf,https://github.com/BIGBALLON/cifar-10-cnn,False,,
2101.00027v1.pdf,http://arxiv.org/abs/cs/0205028,False,,
2101.00027v1.pdf,https://twitter.com/theshawwn/status/1320282149329784833,False,,
2101.00027v1.pdf,https://doi.org/10.5281/zenodo.2591652,False,,
2101.00027v1.pdf,https://pile.eleuther.ai/versity,False,,
2101.00027v1.pdf,https://fanfiction.net,False,,
2101.00027v1.pdf,https://github.com/SpamScope/mail-parser,False,,
2101.00027v1.pdf,https://google.com/recaptcha/api.js?render=%2Asite,False,,
2101.00027v1.pdf,https://arxiv.org/help/stats/2019_by_area/Figure,False,,
2101.00027v1.pdf,https://launchpad.net/bugs/1627643,False,,
2101.00027v1.pdf,https://github.com/EleutherAI/the-pile,False,,
2101.00027v1.pdf,https://courtlistener.com/https:/archive.org/details/stackexchange,False,,
2101.00027v1.pdf,https://bulkdata.uspto.gov/https:/irclogs.ubuntu.com/https:/philpapers.org/https:/exporter.nih.gov/https:/news.ycombinator.com,False,,
2101.00027v1.pdf,http://data.statmt.org/cc-100,False,,
2101.00027v1.pdf,https://tensorflow.org/datasets/catalog/c4,False,,
2101.00027v1.pdf,https://arxiv.org/help/bulk_data_s3,False,,
2101.00027v1.pdf,https://courtlistener.com/api/bulk-info/https:/www.tensorflow.org/datasets/catalog/wikipedia,False,,
2101.00027v1.pdf,http://statmt.org/europarl/https:/github.com/jdepoix/youtube-transcript-api,False,,
2101.00027v1.pdf,https://github.com/vphill/pyoaiharvester/https:/github.com/sdtblck/PDFextract,False,,
2101.00027v1.pdf,https://github.com/ekzhu/datasketch,False,,
2101.00027v1.pdf,https://courtlistener.com/,False,,
2101.00027v1.pdf,https://archive.org/details/stackexchange,False,,
2101.00027v1.pdf,https://bulkdata.uspto.gov/,False,,
2101.00027v1.pdf,https://irclogs.ubuntu.com/,False,,
2101.00027v1.pdf,https://philpapers.org/,False,,
2101.00027v1.pdf,https://exporter.nih.gov/,False,,
2101.00027v1.pdf,https://news.ycombinator.com,False,,
2101.00027v1.pdf,https://tensorflow.org/datasets/catalog/wikipedia,False,,
2101.00027v1.pdf,https://github.com/jdepoix/youtube-transcript-api,False,,
2105.03011v1.pdf,https://doi.org/10.18653/v1/2020.findings-emnlp.66,False,,
2105.03011v1.pdf,https://doi.org/10.18653/v1/D18-1241,False,,
2105.03011v1.pdf,https://doi.org/10.1162/tacl_a_00317,False,,
2105.03011v1.pdf,https://doi.org/10.18653/v1/D19-1606,False,,
2105.03011v1.pdf,https://doi.org/10.18653/v1/N19-1423,False,,
2105.03011v1.pdf,https://doi.org/10.18653/v1/2020.emnlp-main.86,False,,
2105.03011v1.pdf,https://doi.org/10.18653/v1/P18-1031,False,,
2105.03011v1.pdf,https://doi.org/10.18653/v1/D19-1259,False,,
2105.03011v1.pdf,https://doi.org/10.18653/v1/P17-1147,False,,
2105.03011v1.pdf,https://doi.org/10.18653/v1/2020.acl-main.703,False,,
2105.03011v1.pdf,https://doi.org/10.18653/v1/W18-5301,False,,
2105.03011v1.pdf,https://doi.org/10.18653/v1/2020.emnlp-demos.17,False,,
2105.03011v1.pdf,https://doi.org/10.18653/v1/2020.bionlp-1.15,False,,
2105.03011v1.pdf,https://doi.org/10.1162/tacl_a_00266,False,,
2105.03011v1.pdf,https://doi.org/10.18653/v1/W17-2623,False,,
2105.03011v1.pdf,https://doi.org/10.18653/v1/D15-1237,False,,
2105.03011v1.pdf,https://allenai.org/project/qasper.We,False,,
2105.03011v1.pdf,http://semanticscholar.org,False,,
2105.03011v1.pdf,https://upwork.com/Two,False,,
2105.03011v1.pdf,https://paperswithcode.com/task/question-answering,False,,
2105.03011v1.pdf,https://upwork.com/,False,,
2106.04463v3.pdf,https://doi.org/10.7303/syn26376615,False,,
2106.04463v3.pdf,http://pascal-network.org/challenges/VOC/voc2012/workshop/index.html,False,,
2106.04463v3.pdf,https://doi.org/10.1016/S0140-6736(13)61649-9,False,,
2106.04463v3.pdf,https://doi.org/10.1053/j.gastro.2019.01.260,False,,
2106.04463v3.pdf,https://doi.org/10.1001/archsurg.1988.01400320112031,False,,
2106.04463v3.pdf,https://doi.org/10.1016/j.media.2021.102002,False,,
2106.04463v3.pdf,https://doi.org/10.2196/26151,False,,
2106.04463v3.pdf,https://doi.org/10.1038/s41598-020-59413-5,False,,
2106.04463v3.pdf,https://labelbox.com,False,,
2106.04463v3.pdf,https://github.com/sharibox/PolypGen-Benchmark.git.All,False,,
2111.02114v1.pdf,https://laion.ai/laion-400-open-dataset/Preprint.Under,False,,
2111.02114v1.pdf,https://rom1504.github.io/clip-retrieval/https:/github.com/rom1504/img2dataset,False,,
2111.02114v1.pdf,https://github.com/rom1504/img2dataset,False,,
2311.02709v1.pdf,https://github.com/facebookresearch/detectron2,False,,
2311.02709v1.pdf,https://sama.com/sama-coco-dataset,False,,
2405.03991v2.pdf,http://doi.acm.org/10.1145/2666652.2666663,False,,
2405.03991v2.pdf,https://doi.org/10.1145/3564625.3567975,False,,
2405.03991v2.pdf,https://usenix.org/conference/usenixsecurity16/technical-sessions/presentation/andriesse,False,,
2405.03991v2.pdf,https://doi.org/10.1145/3379597.3387481,False,,
2405.03991v2.pdf,https://usenix.org/conference/usenixsecurity22/presentation/chen-qibin,False,,
2405.03991v2.pdf,https://arxiv.org/abs/2205.11794,False,,
2405.03991v2.pdf,https://doi.org/10.1145/3428293,False,,
2405.03991v2.pdf,https://api.semanticscholar.org/CorpusID,False,,
2405.03991v2.pdf,https://arxiv.org/abs/1806.04773,False,,
2405.03991v2.pdf,https://sciencedirect.com/science/article/pii/S0167739X21002090,False,,
2405.03991v2.pdf,https://doi.org/10.1145/3545948.3545956,False,,
2405.03991v2.pdf,https://doi.org/10.48550/arXiv.2405.03478,False,,
2405.03991v2.pdf,https://doi.org/10.1145/3548606.3560612,False,,
2405.03991v2.pdf,https://github.com/boozallen/MOTIF,False,,
2405.03991v2.pdf,https://doi.org/10.1145/3605764.3623907,False,,
2405.03991v2.pdf,https://doi.org/10.1109/TSE.2022.3187689,False,,
2405.03991v2.pdf,https://github.com/huzecong/ghcc,False,,
2405.03991v2.pdf,https://sciencedirect.com/science/article/pii/S0167404821001954,False,,
2405.03991v2.pdf,https://proceedings.mlr.press/v97/li19d.html,False,,
2405.03991v2.pdf,https://mdpi.com/2079-9292/12/7/1722,False,,
2405.03991v2.pdf,https://usenix.org/conference/usenixsecurity22/presentation/marcelli,False,,
2405.03991v2.pdf,https://vcpkg.io/en,False,,
2405.03991v2.pdf,https://ceur-ws.org/Vol-3652/paper12.pdf,False,,
2405.03991v2.pdf,https://doi.org/10.1145/3427228.3427265,False,,
2405.03991v2.pdf,https://arxiv.org/abs/1909.06674,False,,
2405.03991v2.pdf,https://arxiv.org/abs/2012.09932,False,,
2405.03991v2.pdf,https://arxiv.org/abs/2006.09271,False,,
2405.03991v2.pdf,https://arxiv.org/abs/2009.03779,False,,
2405.03991v2.pdf,https://virusshare.com/,False,,
2405.03991v2.pdf,https://usenix.org/conference/raid2020/presentation/omar,False,,
2405.03991v2.pdf,https://doi.org/10.1145/3465361,False,,
2405.03991v2.pdf,https://doi.org/10.1145/3366423.3380145,False,,
2405.03991v2.pdf,https://gs.statcounter.com/os-market-share/desktop/worldwide,False,,
2405.03991v2.pdf,https://doi.org/10.1007/978-3-031-43412-9_16,False,,
2405.03991v2.pdf,https://usenix.org/conference/usenixsecurity22/presentation/yu-sheng,False,,
2405.03991v2.pdf,https://usenix.org/conference/usenixsecurity20/presentation/zhu,False,,
2405.03991v2.pdf,https://doi.org/10.1145/3372297.3420013,False,,
2405.03991v2.pdf,https://doi.org/10.1145/2666652.2666663,False,,
2405.03991v2.pdf,https://doi.org/10.1109/CGO51591.2021.9370322,False,,
2405.03991v2.pdf,https://doi.org/10.1109/MALWARE.2018.8659360,False,,
2405.03991v2.pdf,https://doi.org/10.1109/MSR.2013.6624034,False,,
2405.03991v2.pdf,https://doi.org/10.1016/j.future.2021.06.014,False,,
2405.03991v2.pdf,https://doi.org/10.1109/TrustCom53373.2021.00130,False,,
2405.03991v2.pdf,https://doi.org/10.1145/3474369.3486867,False,,
2405.03991v2.pdf,https://doi.org/10.48550/arXiv.2111.15031,False,,
2405.03991v2.pdf,https://doi.org/10.1016/j.cose.2021.102371,False,,
2405.03991v2.pdf,https://doi.org/10.3390/electronics12071722,False,,
2405.03991v2.pdf,https://doi.org/10.1109/ICCD.2008.4751891,False,,
2405.03991v2.pdf,https://doi.org/10.1145/3411508.3421372,False,,
2405.03991v2.pdf,https://doi.org/10.1109/SP.2016.17,False,,
2405.03991v2.pdf,https://doi.org/10.1109/ISCC53001.2021.9631481,False,,
2405.03991v2.pdf,https://assemblage-dataset.net/.*,False,,
2405.03991v2.pdf,https://github.com/Cisco-Talos/binary_function_similarity,False,,
2405.03991v2.pdf,https://usenix.org/conference/usenixsecurity14/technical-sessions/presentation/bao.Polyglot,False,,
2405.03991v2.pdf,https://assemblage-dataset.net/,False,,
2405.03991v2.pdf,https://assemblagedocs.readthedocs.io,False,,
2405.03991v2.pdf,https://github.com/Assemblage-Dataset/Assemblage.Anyone,False,,
2501.11091v1.pdf,https://bitcoin.org/bitcoin.pdf,False,,
2501.11091v1.pdf,https://bitcoin.org/en/alert/2013-03-11-chain-fork,False,,
2501.11091v1.pdf,https://learnmeabitcoin.com/technical/blockchain/chain-reorganization,False,,
4449.pdf,http://research.microsoft.com/barc/SortBenchmark,False,,
4449.pdf,http://alme1.almaden.ibm.com/cs/spsort.pdf,False,,
NIPS-2012-imagenet-classification-with-deep-convolutional-neural-networks-Paper.pdf,http://image-net.org/challenges/LSVRC/2012,False,,
NIPS-2012-imagenet-classification-with-deep-convolutional-neural-networks-Paper.pdf,http://authors.library.caltech.edu/7694,False,,
NIPS-2012-imagenet-classification-with-deep-convolutional-neural-networks-Paper.pdf,http://code.google.com/p/cuda-convnet/The,False,,
NIPS-2012-imagenet-classification-with-deep-convolutional-neural-networks-Paper.pdf,https://image-net.org/challenges.2010,False,,
NIPS-2012-imagenet-classification-with-deep-convolutional-neural-networks-Paper.pdf,https://imagenet.org/challenges,False,,
TSP_IASC_36323.pdf,https://doi.org/10.1016/j.media.2021.102188,False,,
TSP_IASC_36323.pdf,https://doi.org/10.1142/9789811239014_0005,False,,
TSP_IASC_36323.pdf,https://doi.org/10.1016/j.inffus.2020.04.002,False,,
TSP_IASC_36323.pdf,https://doi.org/10.1016/j.patcog.2021.108146,False,,
TSP_IASC_36323.pdf,https://doi.org/10.1088/1755-1315/428/1/012097,False,,
TSP_IASC_36323.pdf,https://doi.org/10.1016/j.neucom.2022.03.062,False,,
TSP_IASC_36323.pdf,https://doi.org/10.1016/j.neunet.2018.03,False,,
TSP_IASC_36323.pdf,https://doi.org/10.1145/3357254.3357276,False,,
TSP_IASC_36323.pdf,https://doi.org/10.1016/j.patcog.2020.107420,False,,
TSP_IASC_36323.pdf,https://doi.org/10.1016/j.neucom.2021.03.108,False,,
TSP_IASC_36323.pdf,https://doi.org/10.1016/j.patcog.2018.04.012,False,,
TSP_IASC_36323.pdf,https://doi.org/10.1109/SPIN.2019.8711703,False,,
TSP_IASC_36323.pdf,https://doi.org/10.1016/j.procs.2020.04.206,False,,
TSP_IASC_36323.pdf,https://arxiv.org/abs/1409.4842v1,False,,
TSP_IASC_36323.pdf,https://arxiv.org/abs/1512.00567v3,False,,
TSP_IASC_36323.pdf,https://arxiv.org/abs/1610.02357,False,,
TSP_IASC_36323.pdf,https://arxiv.org/abs/1409.1556,False,,
TSP_IASC_36323.pdf,https://doi.org/10.32604/iasc.2023.036323,False,,
